NOMBRE,PASSWORD
Emilio Perez Roca,%laGaOKOX@p6@yX&@@Gy
Fernando Gutierrez Ruiz,V3Y$IXeEOEb7a0EO%aym
Andres Ruiz Martin,&-3_Y2Bhw#xIp#-Z9au2
Juan Luis Perez Gonzalo,ilifwUe4o_%3—eiRiocI
Andres Gonzalo Gutierrez,&#iLFUuEU$La@3WAH%B2
Andres Olivieri Ruiz,wjIiAvZQ#bPokOJyPIgM
Antonio Arbelo Arbelo,722LE%7@eo#FS#EosF-t
Andres Gonzalo Perez,Lv_-iXaFI4oSy0Xd-peg
Andres Paniagua Arbelo,O3Li7OVkeu083ooIM-U-
Juan Luis Olivieri Olivieri,@e8ROa0aV-$a—AauTbf—
Juan Luis Ruiz Perez,n@x@l2#J$S-t%_AA8au6
Juan Luis Olivieri Martin,-ePiNOU8eLu%7$Iv$U4&
Andres Roca Roca,C#hECG-22KKOUX#L&FE$
Victor Roca Ruiz,@#V#E-5Jo&E#iuc#2Xz$
Antonio Roca Paniagua,J$oEXnLorCi#uy20ese&
Juan Luis Ruiz Martin,kSka%ogrh#w—kuu35_OQ
Andres Roca Gonzalo,-Aj_@-Pi#I2MTkFL0Eqo
Emilio Arbelo Perez,bIpf@%Xir##O—ur0coi3
Fernando Paniagua Gutierrez,3AngIpeazo2hD$e2t65E
Fernando Gonzalo Ruiz,-4uGn%jO$h%@1DiuU%DX
Andres Gutierrez Gutierrez,u98#6$w1—UDia6hE&toS
Juan Luis Roca Olivieri,7TuG7aIa35U8BsBUÒjGI
Juan Luis Martin Arbelo,Kg&94J7eQ&XBA1#QWiua
Antonio Roca Ruiz,OiUV#Od#$ep0lIaIIFxi
Fernando Gutierrez Gonzalo,A@E1OemE7I@EY-xa#ziT
Juan Luis Roca Gutierrez,_A2E%OXatI5Bloa8&4UW
Andres Olivieri Roca,3u_%uoD4wUEOw%MmbzPu
Antonio Paniagua Gonzalo,hAaiikOi4e#—x&$3_%IW
Fernando Gonzalo Perez,AT22-&U3OqC6qK5p8us3
Victor Martin Ruiz,22O@wDtuOU4kO8UhbuFB
Andres Ruiz Paniagua,o#iQcI277ugUxioAA&Se
Juan Luis Paniagua Arbelo,8UezeRk—tU#—&53I@eJ5
Andres Paniagua Arbelo,%ugqfeuTaIoooII0Xtj&
Juan Luis Perez Olivieri,Xem9l5&edd@E%eK%MHaa
Emilio Ruiz Olivieri,9iuIt@-_wi#u-6Xo%Ag7
Andres Olivieri Ruiz,SOEFty%oEeTm@kUuAFfI
Juan Luis Ruiz Martin,$EOp&C52&E76S#-7p8iE
Juan Luis Olivieri Olivieri,Ro—7o873II38_3ZIQd6#
Fernando Perez Gutierrez,y70y7CVEkIXov1uuuHO@
Victor Olivieri Martin,Ome$2iZhMOqsz4I&o1iA
Victor Perez Ruiz,09a7vUI09_p5aE4-soxi
Fernando Martin Martin,ES%ooOAzaTrd7YZ5U70a
Antonio Martin Olivieri,%@D@oIYiDa-8e_WD5R#Y
Emilio Arbelo Paniagua,aiUvIwEFlsOZlsqXEAiu
Fernando Olivieri Ruiz,U5Ugrr-oeBOW-9_Im#6E
Andres Ruiz Roca,EWpX44%Uo6ua6e2UUbt1
Antonio Perez Arbelo,u$Aue6M$V@6qbo%$u2E—
Fernando Paniagua Olivieri,0DkeZFa_$@u5-UU_NRYu
Fernando Gonzalo Gonzalo,hO41u#_iEf2xYtHÒ—A_e
Emilio Arbelo Roca,f237_U&0u1DAZaeR24eE
Antonio Olivieri Martin,e@2@Pcqw_f34&YÒ60#9Ò
Emilio Olivieri Roca,gMa76o5GsoAAisO#auJ9
Fernando Roca Gonzalo,oT&iNEÒgI6EIaa@U_t05
Victor Martin Martin,_Kn1iI2_EAwylEZ#-O2#
Andres Olivieri Gutierrez,7IÒ7FQ%z@V8CEGa&M#VS
Victor Arbelo Gutierrez,9E7#Qx#AoD#V42H_5sGA
Andres Olivieri Roca,7i4ItuaOok@w-@oAHO58
Juan Luis Martin Arbelo,jIldm4D#V#ZE1EE-adwE
Antonio Gutierrez Perez,#53Ogb0W5s25U#lg3&8a
Victor Roca Gutierrez,9%itB%7EAdf—tEuLmlkz
Victor Gonzalo Roca,jUKk8DjaF_eLzh@KpI%F
Fernando Martin Gutierrez,w_@FoI-JCCa—x&DP-1-M
Emilio Martin Paniagua,D-EAOAE$Sx$7ah38mA@e
Andres Martin Ruiz,H8D@J@Nu@4bisuEI#@a#
Emilio Ruiz Paniagua,W&uC0dr_Ji653i4sacWU
Juan Luis Gonzalo Arbelo,ui-&@Fo9Sgp1-s2_1F_5
Victor Gonzalo Roca,IIEeEAaCoP1yZhg-ite%
Juan Luis Perez Ruiz,v-5cc$Òip3IIh%H3%uoF
Victor Martin Gutierrez,3Oeuiun@&2g@iVAH8@_4
Antonio Arbelo Roca,F2g0AddG#VU—4iÒMAZ8M
Juan Luis Martin Gutierrez,oeILdfi%su64ÒO6b%iY4
Emilio Paniagua Roca,u5gOUr&eUC8o%ey6DUOr
Emilio Olivieri Arbelo,qi—wBWb&gI3ua4%$pU__
Emilio Roca Gonzalo,iO#iUE4%AOrapJ$#u_vq
Emilio Gutierrez Arbelo,6DaoOb4_Nitk#I_h-ExU
Fernando Ruiz Gutierrez,o9dEg%$&%SuUmkeQHRAO
Emilio Perez Paniagua,ekIi&2R566gjV5@VR20_
Victor Arbelo Roca,q5Ui1_hPe8kvu51pR3%i
Juan Luis Roca Arbelo,ÒJ-IKvAiNqPXqefe&CCo
Fernando Arbelo Ruiz,LO8uNE8gY_0#&LSl%1Qu
Juan Luis Arbelo Martin,y-v0z9oiI%6W2Uu@$3$A
Victor Roca Roca,-aEl96IpUO38yE%aUzzy
Juan Luis Ruiz Paniagua,A96U—qrnDIU2%a1#z%pm
Juan Luis Martin Roca,xE&OO#%c-Ui6I-FDOO_l
Antonio Gonzalo Paniagua,Uo—@&IO@-Tl8cTdzltuR
Juan Luis Ruiz Paniagua,7KocOoE57CYEhiF4f6k#
Victor Martin Ruiz,y8VCeSdU4iuNYE99nI&4
Andres Gonzalo Paniagua,Uivo5@—NE—#MO9u1-i$7
Victor Olivieri Perez,U2em@E_yoic47T@$l4A@
Fernando Gonzalo Olivieri,—A5UW$pnR2#at$w-LEnO
Victor Martin Paniagua,@S-_gI5$fOciH1UJeUM@
Victor Ruiz Gonzalo,#@pEwO0ucEIJ5V_9iTSZ
Victor Roca Arbelo,56nkb$I#8Hi7MAeEBEIo
Juan Luis Gonzalo Martin,arU8GKraUw&Yv4VEmf%a
Antonio Ruiz Olivieri,eV-aIUYY_#Soni%EE-JA
Andres Gonzalo Olivieri,xeK8T8a$gD1Ò88x_7MQm
Andres Olivieri Olivieri,p&d50_wUuNIh-34V5u&N
Antonio Ruiz Martin,8eO@3%W8-8X%a4xGA4w@
Fernando Martin Ruiz,Y9#—fK0qEo2jnIZoeKri
Emilio Gonzalo Martin,U1iA27_DC_SK1__KKJ3c
